investment,revenue,expenses,demand,competition,scalability,viability
50000,40000,20000,3,3,3,1
100000,80000,50000,3,2,3,1
200000,70000,60000,2,2,2,0
50000,20000,18000,1,1,1,0
150000,100000,50000,3,2,3,1
300000,120000,100000,2,1,2,0
75000,60000,30000,3,3,2,1
250000,90000,80000,2,2,2,0
100000,120000,50000,3,2,3,1
50000,30000,25000,2,3,2,0
200000,150000,70000,3,2,3,1
150000,60000,55000,1,2,1,0
80000,90000,40000,3,3,3,1
300000,200000,100000,3,2,3,1
100000,50000,45000,2,1,2,0
50000,70000,25000,3,3,3,1
250000,100000,90000,2,3,2,0
120000,100000,45000,3,2,2,1
400000,180000,150000,2,1,2,0
75000,85000,35000,3,3,3,1